Name,Acronym,Email,Website,Phone1,Phone2,Affiliated,Recorded By,Recorded Date
Ginásio Clube de Águeda,GCÁ,giva.canoagem@gica.pt,www.gica.pt,234623399,962996687,Federação Portuguesa de Canoagem,Eduardo Fernandes,02/03/2022
Clube Fluvial Vilacondense,CFV,secretaria@clubefluvialvilacondense.pt,,252632259,927108099,Federação Portuguesa de Canoagem,Eduardo Fernandes,02/03/2022
Clube Náutico de Crestuma,CNC,clube.nautico.crestuma@gmail.com,www.cncrestuma.pt,227614351,917541550,Federação Portuguesa de Canoagem,Eduardo Fernandes,02/03/2022
Clube Náutico de Prado,CNP,secretaria@clubenauticodeprado.com,www.clubenauticodeprado.com,253923840,965083511,Federação Portuguesa de Canoagem,Eduardo Fernandes,02/03/2022
Vila do Conde Kayak Clube,VCK,geral@kayakclube.com,www.kayakclube.com,966092085,,Federação Portuguesa de Canoagem,Eduardo Fernandes,02/03/2022
Associação Naval do Guadiana,ANG,anguadiana@mail.telepac.pt,www.anguadiana.com,281513769,961893583,Federação Portuguesa de Canoagem,Eduardo Fernandes,02/03/2022
Associação Desportiva de Amarante,ADA,ada_slalom@hotmail.com,,255432080,965321251,Federação Portuguesa de Canoagem,Eduardo Fernandes,02/03/2022
Clube Fluvial Odemirense,CFO,clubefluvialodemirense@gmail.com,,968492415,969892124,Federação Portuguesa de Canoagem,Eduardo Fernandes,02/03/2022
Centro Treino Mar,CTM,ctmmadeira@sapo.pt,,965101976,,Federação Portuguesa de Canoagem,Eduardo Fernandes,02/03/2022
Associação Náutica do Seixal,ANS,geral.anauticaseixal@gmail.com,www.anauticaseixal.pt,212213625,,Federação Portuguesa de Canoagem,Eduardo Fernandes,02/03/2022
"Grupo Cultural, Desportivo e Recreativo de Gemeses",GCD,gemesesgcdr@gmail.com,,253961104,965006235,Federação Portuguesa de Canoagem,Eduardo Fernandes,02/03/2022
Clube de Canoagem de Setúbal,CCS,canoagem.setubal@gmail.com,,962613881,,Federação Portuguesa de Canoagem,Eduardo Fernandes,02/03/2022
Alhandra Sporting Club,ASC,asc.nautica@gmail.com,,219500005,965478343,Federação Portuguesa de Canoagem,Eduardo Fernandes,02/03/2022
Sporting Club de Aveiro,SCA,melocanoagem@gmail.com,www.sportingcaveiro.pt,234480191,918421248,Federação Portuguesa de Canoagem,Eduardo Fernandes,02/03/2022
Clube Náutico Barquinhense,CNB,cnbarquinhense@gmail.com,,919014565,,Federação Portuguesa de Canoagem,Eduardo Fernandes,02/03/2022
Clube Náutico de Mértola,CNM,dir.nautico@gmail.com,,286612044,966527968,Federação Portuguesa de Canoagem,Eduardo Fernandes,02/03/2022
Grupo Desportivo Nabância,GDN,canoagem.nabancia@gmail.com,,919138910,919033063,Federação Portuguesa de Canoagem,Eduardo Fernandes,02/03/2022
Clube Naval de Portimão,CNP,geral@clubenavaldeportimao.com,www.clubenavaldeportimao@mail.telepac.pt,282417529,965839013,Federação Portuguesa de Canoagem,Eduardo Fernandes,02/03/2022
Clube Naval da Horta,CNH,secretariado@cnhorta.org,www.cnhorta.org,292200680,969801715,Federação Portuguesa de Canoagem,Eduardo Fernandes,02/03/2022
Centro de Recreio Popular de Arnelas,CRP,crparnelas@gmail.com,,227832560,917721386,Federação Portuguesa de Canoagem,Eduardo Fernandes,02/03/2022
Clube Náutico de Fão,CNF,clubenfao@gmail.com,,253965182,913496954,Federação Portuguesa de Canoagem,Eduardo Fernandes,02/03/2022
Clube Naval do Funchal,CNF,desporto@clubenavaldofunchal.com,www.clubenavaldofunchal.com,291701770,966227004,Federação Portuguesa de Canoagem,Eduardo Fernandes,02/03/2022
Grupo Desportivo de Alcoutim,GDA,gd.alcoutim@gmail.com,www.gdalcoutim.pt,281546535,965592703,Federação Portuguesa de Canoagem,Eduardo Fernandes,02/03/2022
Clube Fluvial de Coimbra,CFC,cfluvialcoimbra@gmail.com,www.cfcoimbra.com,239992022,912626410,Federação Portuguesa de Canoagem,Eduardo Fernandes,02/03/2022
Clube Náutico Ribadouro,CNR,cnribadouro@gmail.com,lgmag@live.com,917512095,968546338,Federação Portuguesa de Canoagem,Eduardo Fernandes,02/03/2022
Centro de Recreio Popular de Rio Mau,CRP,crpcanoagem@gmail.com,,915500541,,Federação Portuguesa de Canoagem,Eduardo Fernandes,02/03/2022
ARCOR- Associação Recreativa e Cultural de Óis da Ribeira,ARC,arcor.ipss@sapo.pt,arcorseccaocanoagem@gmail.com,234629818,915336059,Federação Portuguesa de Canoagem,Eduardo Fernandes,02/03/2022
Centro Municipal de Cultura e Desenvolvimento de Vila Velha de Ródão,CMC,geral@cmcd-vvr.pt,,272540319,963445866,Federação Portuguesa de Canoagem,Eduardo Fernandes,02/03/2022
Clube Náutico de Ponte de Lima,CNP,geral@clubenautico.pt,,258944899,962003414,Federação Portuguesa de Canoagem,Eduardo Fernandes,02/03/2022
Clube de Canoagem Scalabitano da Ribeira de Santarém,CCS,ccscalabitano@gmail.com,,962551302,,Federação Portuguesa de Canoagem,Eduardo Fernandes,02/03/2022
Associação Rio Neiva,ARN,associacaorioneiva@gmail.com,www.rioneiva.com,969173133,,Federação Portuguesa de Canoagem,Eduardo Fernandes,02/03/2022
Clube Atlético do Montijo,CAM,geral@camontijo.com,www.camontijo.com,914077830,,Federação Portuguesa de Canoagem,Eduardo Fernandes,02/03/2022
Clube Náutico de Angra do Heroísmo,CNA,clubenauticoah@outlook.com,www.clubenauticoangra.com,969903232,,Federação Portuguesa de Canoagem,Eduardo Fernandes,02/03/2022
Associação Cultural e Recreativa Saavedra Guedes,ACR,ant.amadoresteves@sapo.pt,,234286352,964009095,Federação Portuguesa de Canoagem,Eduardo Fernandes,02/03/2022
Associação Naval Amorense,ANA,anamorense@gmail.com,,926693218,,Federação Portuguesa de Canoagem,Eduardo Fernandes,02/03/2022
Águas Bravas Clube,ÁBC,mariosilvaatg@msn.com,,933352187,,Federação Portuguesa de Canoagem,Eduardo Fernandes,02/03/2022
Darque Kayak Clube,DKC,darquekc@sapo.pt,,258405017,965192731,Federação Portuguesa de Canoagem,Eduardo Fernandes,02/03/2022
Clube Náutico de Arcos de Valdevez,CNA,cnarcosvaldevez@gmail.com,,258000000,936105317,Federação Portuguesa de Canoagem,Eduardo Fernandes,02/03/2022
Grupo Naval de Olhão,GNO,g.n.olhao@sapo.pt,www.gnolhao.com,289703519,919706373,Federação Portuguesa de Canoagem,Eduardo Fernandes,02/03/2022
Angra Iate Clube,AIC,angraiateclube@gmail.com,www.angraiateclube.com,295216530,927489951,Federação Portuguesa de Canoagem,Eduardo Fernandes,02/03/2022
Clube Naval de Sesimbra,CNS,secnaval.sesimbra@mail.telepac.pt,www.naval-sesimbra.pt,212233451,965100200,Federação Portuguesa de Canoagem,Eduardo Fernandes,02/03/2022
Clube Naval da Calheta,CNC,clubenavaldacalheta@gmail.com,,963014516,,Federação Portuguesa de Canoagem,Eduardo Fernandes,02/03/2022
Clube Desportivo,,cdpatoscanoagem@gmail.com,www.cdospatos.pt,241000000,963061294,Federação Portuguesa de Canoagem,Eduardo Fernandes,02/03/2022
Liga-dura Desporto Cultura Espetáculo e conhecimento,LDC,geral@ligadura.pt,,917142945,919202020,Federação Portuguesa de Canoagem,Eduardo Fernandes,02/03/2022
Clube do Mar Costa do Sol - CMCS,CMC,direcao.cmcs@gmail.com,,963245347,,Federação Portuguesa de Canoagem,Eduardo Fernandes,02/03/2022
Centro de Canoagem do Oeste,CCO,ccanoagemoeste@gmail.com,,913181868,,Federação Portuguesa de Canoagem,Eduardo Fernandes,02/03/2022
Clube Fluvial de Merelim,CFM,clubefluvialmerelim@gmail.com,,914953922,,Federação Portuguesa de Canoagem,Eduardo Fernandes,02/03/2022
Aventura Marão Clube,AMC,slalomaventuramarao@gmail.com,www.aventuramaraoclube.com,255440047,911588671,Federação Portuguesa de Canoagem,Eduardo Fernandes,02/03/2022
Clube de  Canoagem e Aguas Bravas de Portugal,CCA,ccabp.geral@gmail.com,,939771663,933152564,Federação Portuguesa de Canoagem,Eduardo Fernandes,02/03/2022
Clube de Canoagem de Amora,CCA,ccamora@gmail.com,www.ccamora.com,214044551,964375627,Federação Portuguesa de Canoagem,Eduardo Fernandes,02/03/2022
Associação Náutica da Torreira,ANT,ant.geral@gmail.com,,234868225,924372909,Federação Portuguesa de Canoagem,Eduardo Fernandes,02/03/2022
Clube Náutico de Marecos,CNM,cnmarecos04@gmail.com,,224509085,919506731,Federação Portuguesa de Canoagem,Eduardo Fernandes,02/03/2022
Clube Náutico de Salvaterra de Magos,CNS,cnsm.canoagem@gmail.com,www.cnsm.pt,263504566,914391687,Federação Portuguesa de Canoagem,Eduardo Fernandes,02/03/2022
Kayak Clube Castores do Arade,KCC,nunossilvas@sapo.pt,,282411054,968065454,Federação Portuguesa de Canoagem,Eduardo Fernandes,02/03/2022
Ludens Clube de Machico,LCM,ludensmachico@gmail.com,www.ludensmachico.com,291964250,925783480,Federação Portuguesa de Canoagem,Eduardo Fernandes,02/03/2022
Gaia Kayak Clube,GKC,gaiakayakclube@gmail.com,,915974010,931804185,Federação Portuguesa de Canoagem,Eduardo Fernandes,02/03/2022
Clube de Canoagem de Ovar,CCO,ccovar@gmail.com,www.ccovar.com,917314227,,Federação Portuguesa de Canoagem,Eduardo Fernandes,02/03/2022
Clube Infante de Montemor,CIM,infantemontemor@sapo.pt,www.cimontemor.pt,239680546,913401495,Federação Portuguesa de Canoagem,Eduardo Fernandes,02/03/2022
Associação Náutica de Câmara de Lobos,ANC,anclobos@hotmail.com,,917982290,,Federação Portuguesa de Canoagem,Eduardo Fernandes,02/03/2022
Sport Lisboa e Benfica,SLB,operacoes.modalidade@slbenfica.pt,www.slbenfica.pt,217219535,961353611,Federação Portuguesa de Canoagem,Eduardo Fernandes,02/03/2022
Douro Canoa Clube,DCC,dourocanoa@gmail.com,www.dourocanoa.pt,919713863,,Federação Portuguesa de Canoagem,Eduardo Fernandes,02/03/2022
Casa do Benfica em Montemor-o-Velho,CBM,cbmontemorovelho@slbenfica.pt,,239680169,966113048,Federação Portuguesa de Canoagem,Eduardo Fernandes,02/03/2022
Clube Náutico do Litoral Alentejano,CNL,geral@cnlitoralalentejano.pt,www.cnlitoralalentejano.pt,964869687,,Federação Portuguesa de Canoagem,Eduardo Fernandes,02/03/2022
Clube Kayak-Polo da Barra,CKP,clubekayakpolobarra@gmail.com,www.ckbarra.com,916044999,,Federação Portuguesa de Canoagem,Eduardo Fernandes,02/03/2022
Viana Garças Clube,VGC,vianagarcas@gmail.com,,258024372,933204217,Federação Portuguesa de Canoagem,Eduardo Fernandes,02/03/2022
ADN Ponta do Sol,ADN,adnpontadosol@gmail.com,,967804805,,Federação Portuguesa de Canoagem,Eduardo Fernandes,02/03/2022
Clube Náutico Mondego,CNM,clubenauticomondego@gmail.com,,239680002,915689218,Federação Portuguesa de Canoagem,Eduardo Fernandes,02/03/2022
ACC - Associação Canoagem de Cacia,ACC,ass.canoagemcacia@gmail.com,https://www.facebook.com/associacaocanoagemcacia,919556887,,Federação Portuguesa de Canoagem,Eduardo Fernandes,02/03/2022
Associação Núcleo Desportivo e Cultural de Vila da Ponte,AND,nucleodesportivo@gmail.com,,963945733,,Federação Portuguesa de Canoagem,Eduardo Fernandes,02/03/2022
Associação Desportiva Naval Remo,ADN,GERAL@NAVALREMO.PT,www.navalremo.pt,233098493,916981363,Federação Portuguesa de Canoagem,Eduardo Fernandes,02/03/2022
Clube Náutico de Caldas de Aregos,CNC,cnca.douro@gmail.com,,966648970,917076675,Federação Portuguesa de Canoagem,Eduardo Fernandes,02/03/2022
Douro Canoa Clube,DCC,dourocanoa@gmail.com,www.dourocanoa.pt,919713863,,Federação Portuguesa de Canoagem,Eduardo Fernandes,02/03/2022
Casa do Benfica em Montemor-o-Velho,CBM,cbmontemorovelho@slbenfica.pt,,239680169,966113048,Federação Portuguesa de Canoagem,Eduardo Fernandes,02/03/2022
Clube Náutico do Litoral Alentejano,CNL,geral@cnlitoralalentejano.pt,www.cnlitoralalentejano.pt,964869687,,Federação Portuguesa de Canoagem,Eduardo Fernandes,02/03/2022
Clube Kayak-Polo da Barra,CKP,clubekayakpolobarra@gmail.com,www.ckbarra.com,916044999,,Federação Portuguesa de Canoagem,Eduardo Fernandes,02/03/2022
Viana Garças Clube,VGC,vianagarcas@gmail.com,,258024372,933204217,Federação Portuguesa de Canoagem,Eduardo Fernandes,02/03/2022
ADN Ponta do Sol,ADN,adnpontadosol@gmail.com,,967804805,,Federação Portuguesa de Canoagem,Eduardo Fernandes,02/03/2022
Clube Náutico Mondego,CNM,clubenauticomondego@gmail.com,,239680002,915689218,Federação Portuguesa de Canoagem,Eduardo Fernandes,02/03/2022
ACC - Associação Canoagem de Cacia,ACC,ass.canoagemcacia@gmail.com,https://www.facebook.com/associacaocanoagemcacia,919556887,,Federação Portuguesa de Canoagem,Eduardo Fernandes,02/03/2022
Associação Núcleo Desportivo e Cultural de Vila da Ponte,AND,nucleodesportivo@gmail.com,,963945733,,Federação Portuguesa de Canoagem,Eduardo Fernandes,02/03/2022
Associação Desportiva Naval Remo,ADN,GERAL@NAVALREMO.PT,www.navalremo.pt,233098493,916981363,Federação Portuguesa de Canoagem,Eduardo Fernandes,02/03/2022
Clube Náutico de Caldas de Aregos,CNC,cnca.douro@gmail.com,,966648970,917076675,Federação Portuguesa de Canoagem,Eduardo Fernandes,02/03/2022
,,,,,,,,
